{
    "loss": 1.4846932888031006,
    "accuracy": 0.7482014298439026
}