{
    "loss": 7.595362186431885,
    "accuracy": 0.5035971403121948
}